time_shifted,theta12_deg,q_deg
-2.1885166666666667,-1.8986313428867496,24.28990312175111
-2.171833333333333,-1.905647522213796,24.298580363165627
-2.15515,-1.914985196882987,24.319142217370597
-2.138466666666667,-1.925105810212178,24.32276049255119
-2.121783333333333,-1.897169669948579,24.286008376176007
-2.1051,-1.914038413509562,24.304797158069434
-2.0884166666666664,-1.9008677326230157,24.292826305189692
-2.0717333333333334,-1.8799710258347355,24.274280173205568
-2.0550499999999996,-1.8782111148969218,24.275527240632677
-2.0383666666666667,-1.8825453668033196,24.280585827366494
-2.0216833333333337,-1.8808330112148466,24.258565972414495
-2.005,-1.8843266955837132,24.259330809046602
-1.988316666666667,-1.888016341800601,24.27302345018859
-1.9716333333333331,-1.8909964367083907,24.281356060484384
-1.9549500000000002,-1.8867442523206,24.281556590317784
-1.9382666666666664,-1.8927214306475701,24.288020923693388
-1.9215833333333334,-1.8966999821422958,24.2835878758505
-1.9048999999999996,-1.8991320531127533,24.288189422468896
-1.8882166666666667,-1.9015922296896435,24.288585368857326
-1.8715333333333337,-1.8975485501802567,24.284964432482447
-1.8548499999999999,-1.8975473238543092,24.297160191930892
-1.838166666666667,-1.9013652453508845,24.298570764535704
-1.8214833333333331,-1.8950151836570397,24.29309713647862
-1.8048000000000002,-1.8871793094009448,24.275796489069684
-1.7881166666666664,-1.8907962274819732,24.279090004006008
-1.7714333333333334,-1.8792672628564784,24.267656789025487
-1.7547499999999996,-1.890765198926336,24.27887836842728
-1.7380666666666666,-1.8819308667009522,24.274838353441368
-1.7213833333333328,-1.8861490629713582,24.27933765070091
-1.7046999999999999,-1.8774340028445922,24.267037785464247
-1.688016666666666,-1.87522019796421,24.267726360060024
-1.6713333333333331,-1.8760163643025716,24.26603915079587
-1.6546500000000002,-1.8773949726488295,24.279207894354073
-1.6379666666666663,-1.8862518934628725,24.286754973254247
-1.6212833333333334,-1.8770713298815762,24.280943422591704
-1.6045999999999996,-1.8762881331342323,24.27622550107852
-1.5879166666666666,-1.8682368159271063,24.26645667441877
-1.5712333333333337,-1.8700392742921002,24.26769780414873
-1.5545499999999999,-1.8711790694458983,24.269023558761184
-1.537866666666666,-1.8723665966403924,24.266669978052605
-1.521183333333333,-1.8722900153493536,24.267970751586034
-1.5045000000000002,-1.8842094864064385,24.283201940432427
-1.4878166666666663,-1.8844324169579472,24.28328701192362
-1.4711333333333334,-1.8607766257225142,24.258062749464372
-1.4544499999999996,-1.8698252397668733,24.272797458040387
-1.4377666666666666,-1.8713123686144646,24.273179974987826
-1.4210833333333337,-1.8773080146215102,24.280375879137146
-1.4043999999999999,-1.8723520281134016,24.270812443430223
-1.387716666666666,-1.8708966900491881,24.269463022537657
-1.371033333333333,-1.8669450834734578,24.267008635983956
-1.3543500000000002,-1.8669478620130668,24.267097476524427
-1.3376666666666663,-1.8609672463579774,24.26294082236555
-1.3209833333333334,-1.8573233821484905,24.256786309826246
-1.3042999999999996,-1.8715764725312745,24.270619672774224
-1.2876166666666666,-1.8672577572595384,24.267947369620757
-1.2709333333333337,-1.8848793318645252,24.28312183465527
-1.2542499999999999,-1.8722727222558115,24.272760697515025
-1.237566666666666,-1.866532047983804,24.267660602255447
-1.220883333333333,-1.8745525407242798,24.276670092740986
-1.2042000000000002,-1.8643246514801883,24.270499647158104
-1.1875166666666663,-1.8566474741294283,24.26239853605314
-1.1708333333333334,-1.8621227337010422,24.2681173456063
-1.1541499999999996,-1.864163236144182,24.27291488099476
-1.1374666666666666,-1.8626292246709188,24.272360751843827
-1.1207833333333337,-1.8581194961821204,24.266405748861843
-1.1040999999999999,-1.86535276723523,24.27155386364167
-1.087416666666666,-1.8655755075521248,24.267604843148973
-1.070733333333333,-1.8695863810697255,24.27380104280094
-1.0540500000000002,-1.8574117988608307,24.260879785221974
-1.0373666666666663,-1.8520742274469157,24.253196083380445
-1.0206833333333334,-1.8638690847605008,24.269539673785083
-1.0039999999999996,-1.8584844525620292,24.265031787579424
-0.9873166666666666,-1.8489119220973431,24.25461012523305
-0.9706333333333332,-1.8496409339499598,24.253417626225797
-0.9539499999999999,-1.8718198806492388,24.277372585264537
-0.9372666666666665,-1.8595896938587053,24.267119375155744
-0.9205833333333331,-1.8578845336732148,24.26622102371676
-0.9039000000000001,-1.8588223892536682,24.265401359989703
-0.8872166666666663,-1.8520102599713173,24.26343289157697
-0.8705333333333334,-1.8556719201837553,24.25860149947637
-0.8538499999999996,-1.8440180150240089,24.244472868363403
-0.8371666666666666,-1.852551268917449,24.256120906032443
-0.8204833333333332,-1.8600113958398188,24.265227970322442
-0.8037999999999998,-1.8600008735574374,24.266938097144866
-0.7871166666666665,-1.8488990809402444,24.258077843519956
-0.7704333333333331,-1.842869649007334,24.252942043229496
-0.7537500000000001,-1.8423931647104441,24.25124602735226
-0.7370666666666663,-1.8403428528846126,24.248788021390986
-0.7203833333333334,-1.8402192040460306,24.251690657743758
-0.7036999999999995,-1.858951034304859,24.27296254980127
-0.6870166666666666,-1.8513446105705778,24.26369869395461
-0.6703333333333332,-1.8700309773398718,24.28363703489333
-0.6536499999999998,-1.8651372118631255,24.27986338942584
-0.6369666666666665,-1.8519807767798875,24.267653631345418
-0.6202833333333331,-1.8625523390276242,24.27705943714959
-0.6036000000000001,-1.848469066968038,24.264780703541085
-0.5869166666666663,-1.8595755331082238,24.2814502761874
-0.5702333333333334,-1.8446271446590505,24.25850018862088
-0.5535499999999995,-1.84981357065408,24.264133001292542
-0.5368666666666666,-1.848787079524847,24.262835655123013
-0.5201833333333332,-1.855152964607275,24.27076942789858
-0.5034999999999998,-1.8658700068882481,24.28607570952164
-0.48681666666666645,-1.8673551297967472,24.28720957983961
-0.47013333333333307,-1.8647483065915451,24.284318518100974
-0.45345000000000013,-1.8529354826701905,24.272564895781905
-0.4367666666666663,-1.857422418082912,24.27632865998134
-0.42008333333333336,-1.857840126555632,24.274468896357632
-0.40339999999999954,-1.848808400972329,24.265123841791187
-0.3867166666666666,-1.843682207305545,24.25912339195142
-0.3700333333333332,-1.8533655039354395,24.27289958516642
-0.35334999999999983,-1.8482680404664862,24.272511291339683
-0.33666666666666645,-1.8466737967223739,24.26253855181104
-0.31998333333333306,-1.8500803454164452,24.268262583643995
-0.3033000000000001,-1.8544382603708212,24.275418714275595
-0.2866166666666663,-1.8476024166121479,24.26827539001129
-0.26993333333333336,-1.852986228517343,24.271675933275517
-0.25324999999999953,-1.8471084952257022,24.265589320120384
-0.2365666666666666,-1.836201838780681,24.254573689671446
-0.21988333333333365,-1.8459572377639142,24.26419269137879
-0.20319999999999983,-1.8451697437133772,24.265495781606838
-0.18651666666666689,-1.8341802395476092,24.253104574146334
-0.1698333333333335,-1.8351407091532073,24.251929233987767
-0.15315000000000012,-1.8343554899034942,24.252239855375315
-0.13646666666666674,-1.8305789311847362,24.2481168304081
-0.11978333333333335,-1.840802963101191,24.262611156723835
-0.10309999999999997,-1.8395916417340903,24.260869652829278
-0.08641666666666659,-1.8272714736714915,24.249629129928095
-0.06973333333333365,-1.8321849428098314,24.251291226726977
-0.053050000000000264,-1.8392652112982866,24.258517766791414
-0.03636666666666688,-1.8388517686196064,24.25809949414694
-0.019683333333333497,-1.8489580009671707,24.272668749886165
-0.0030000000000001137,-1.849627453100632,24.271185461399682
0.01368333333333327,-1.8392594294063453,24.260322105918505
0.030366666666666653,-1.8464107493524657,24.27270305431916
0.047050000000000036,-1.8398178097857183,24.267167693971217
0.06373333333333342,-1.846736832766919,24.273761337615966
0.08041666666666636,-1.8505172085723003,24.272412103147857
0.09709999999999974,-1.838298408668218,24.263931415387574
0.11378333333333313,-1.8351027845074832,24.258846300168265
0.1304666666666665,-1.840187487650945,24.263693460862818
0.1471499999999999,-1.847771857140582,24.275389199393537
0.16383333333333328,-1.8449426552255517,24.271178978552364
0.18051666666666666,-1.8259110912013148,24.2494427689673
0.19720000000000004,-1.8401968048850856,24.265735591602898
0.21388333333333343,-1.8341948935904673,24.262111814401678
0.23056666666666636,-1.8355287727671334,24.26029086773802
0.24724999999999975,-1.8345745599064507,24.255042400746312
0.26393333333333313,-1.8296172313698156,24.251621475434497
0.2806166666666665,-1.8214713927295005,24.243983488943314
0.2972999999999999,-1.8402366061209667,24.268426378035493
0.3139833333333333,-1.8317030936320542,24.258266995167773
0.33066666666666666,-1.8404407229084017,24.2690411563217
0.34735000000000005,-1.8408842401050003,24.26689029098373
0.36403333333333343,-1.8445563241621497,24.27256891995468
0.38071666666666637,-1.8345004770667839,24.262082377924308
0.39739999999999975,-1.837200438103466,24.264399676973774
0.41408333333333314,-1.842911507870518,24.270254953308445
0.4307666666666665,-1.8318617028764275,24.262743966763573
0.4474499999999999,-1.834411732217066,24.265653852257337
0.4641333333333333,-1.8221383257863972,24.250315645502354
0.48081666666666667,-1.8250028468539279,24.252032400913038
0.49750000000000005,-1.8282181910780333,24.253956522380726
0.5141833333333334,-1.8365568619685788,24.26214434861994
0.5308666666666668,-1.837391385639382,24.265123177587057
0.5475499999999998,-1.8351312223090088,24.26064223908709
0.5642333333333331,-1.8279059205252193,24.253430801454968
0.5809166666666665,-1.828733871882705,24.254831614113662
0.5975999999999999,-1.392120050073686,23.605456056286933
0.6142833333333333,0.7285894547404094,20.458394926683695
0.6309666666666667,4.017035791394029,15.42319878897343
0.6476500000000001,8.0149414445144,9.125953686365186
0.6643333333333334,12.512817060834392,1.8398264500693458
0.6810166666666668,17.312383824174574,-6.140511760887904
0.6976999999999998,21.628560450092042,-13.345461948806406
0.7143833333333331,24.20296701528608,-17.54453685548604
0.7310666666666665,25.66031579130719,-19.697546592672513
0.7477499999999999,26.264772753243133,-20.338106397693267
0.7644333333333333,26.53404937571881,-20.370544208895634
0.7811166666666667,26.682395621302526,-20.184835215319346
0.7978000000000001,26.795221224130213,-19.8524381919645
0.8144833333333334,26.850229331423662,-19.387691446752964
0.8311666666666668,26.860607392332536,-18.819993239557473
0.8478499999999998,26.857015328001253,-18.232199414334342
0.8645333333333332,26.840030453151524,-17.653089307405825
0.8812166666666665,26.842184494907066,-17.088904163548044
0.8979000000000004,26.84205647595464,-16.5101735783169
0.9145833333333333,26.84197332580113,-15.907776520134295
0.9312666666666667,26.846881156072445,-15.297048802979585
0.9479500000000001,26.848915113211,-14.702141630855913
0.9646333333333335,26.855593514145703,-14.139974781152262
0.9813166666666668,26.85810517669856,-13.597105659335856
0.9979999999999998,26.84762556876634,-13.016660212416795
1.0146833333333332,26.84518501824773,-12.432667569982488
1.0313666666666665,26.836039672476367,-11.827385888961672
1.0480500000000004,26.836795172841857,-11.212199175337812
1.0647333333333333,26.842390225152528,-10.583840440983558
1.0814166666666667,26.820219393817126,-9.878079522523137
1.0981,26.449676732391232,-8.555010298519498
1.1147833333333335,24.429109325884987,-4.395445001824854
1.1314666666666668,21.184433943291477,1.7930996487087434
1.1481499999999998,17.27404022156255,8.941132726586375
1.1648333333333332,12.8998467521996,16.627719603267863
1.1815166666666665,8.284722993014642,24.27853920771559
1.1982000000000004,4.524536415900454,27.519686790151447
1.2148833333333333,1.5012435389364431,24.66436357187498
1.2315666666666667,-0.21791323897773346,23.479271723261903
1.24825,-1.557006252989282,23.253977767060988
1.2649333333333335,-1.8564903072415968,20.325945325752848
1.2816166666666668,-1.67448312083505,16.11843365063529
1.2982999999999998,-1.6535287578220677,13.042917625372965
1.3149833333333332,-1.9010474768799575,11.46459938642959
1.3316666666666666,-2.183469580360512,10.136793609069933
1.3483500000000004,-2.1875849590119056,8.060257415412536
1.3650333333333333,-2.0336174145450454,5.697347202964892
1.3817166666666667,-1.9317979304774977,3.739786666413785
1.3984,-2.0101680749651085,2.417379301860933
1.4150833333333335,-2.0911995408319997,1.3022352339250673
1.4317666666666664,-2.1010473692915457,0.048442563681565076
1.4484499999999993,-2.0312840600326445,-1.354106167269915
1.4651333333333332,-1.9371897785474579,-2.6085395097179465
1.4818166666666666,-2.0181271759618626,-3.4029477831599877
1.4985000000000004,-2.1124362841756534,-4.015002580773359
1.5151833333333338,-2.086537541653002,-4.8127825934265545
1.5318666666666667,-2.0080272195207263,-5.7177628776323886
1.54855,-1.981702712400059,-6.462413084252706
1.5652333333333335,-2.0587685418955624,-6.91818477455705
1.5819166666666664,-2.1067574904109057,-7.417946396235411
1.5985999999999994,-2.056000211115261,-8.129794127460423
1.6152833333333332,-2.0039514851220743,-8.823114503965575
1.6319666666666666,-2.026862849125177,-9.291140382164384
1.64865,-2.089297921994041,-9.650013563831585
1.6653333333333338,-2.063588577772877,-10.132758979241384
1.6820166666666667,-2.028089647345295,-10.626390865661588
1.6987,-2.0215140392698547,-11.03148898876432
1.7153833333333335,-2.0410508718909726,-11.266791172795756
1.7320666666666664,-2.0755641953742443,-11.43202483773014
1.7487499999999994,-2.0334912559851857,-11.704547615239676
1.7654333333333332,-2.0066696195501055,-11.94028411852252
1.7821166666666661,-2.0287848739510457,-12.046658147499844
1.7988,-2.0481445283168065,-12.140820946118343
1.815483333333333,-2.0438855915302905,-12.267727411460104
1.8321666666666667,-2.024891412069983,-12.400708785432762
1.8488499999999997,-2.0218940708618525,-12.491252816341955
1.8655333333333335,-2.0149905865249664,-12.542222840988181
1.8822166666666664,-2.0214567765991855,-12.565005789012442
1.8989000000000003,-2.037251105183974,-12.563261754808803
1.9155833333333332,-2.0285045081812747,-12.586644899972246
1.932266666666667,-2.0373449636627545,-12.55431483242104
1.94895,-2.0414425851049725,-12.489062006064014
1.965633333333333,-2.0323963936683858,-12.416115988022513
1.9823166666666667,-2.034943081239284,-12.322946806846758
1.9989999999999997,-2.0322400206175435,-12.203734928282728
2.0156833333333335,-2.035116208219023,-12.05091132908008
2.0323666666666664,-2.0572567094828584,-11.847716344894344
2.0490500000000003,-2.0613221507980772,-11.653613957355262
2.065733333333333,-2.0426658735793675,-11.502884002364553
2.082416666666667,-2.02392006589524,-11.33144509118534
2.0991,-2.021695770843714,-11.127608299258236
2.115783333333333,-2.0453715038123197,-10.872858035997965
2.1324666666666667,-2.0472947783415436,-10.652202325735999
2.1491499999999997,-2.0402009433936286,-10.41927546382854
2.1658333333333335,-2.0256152947634307,-10.182797882909526
2.1825166666666664,-2.0345356901441383,-9.884514607637623
2.1992000000000003,-2.0368905077128496,-9.603903684262658
2.215883333333333,-2.0275720151344756,-9.328235808645083
2.232566666666667,-2.0292521430462704,-9.02193159089516
2.24925,-2.046337389492426,-8.662579003701453
2.265933333333333,-2.0431736420841493,-8.325560329321636
2.2826166666666667,-2.0446514580477047,-7.976681449507414
2.2992999999999997,-2.035937413303541,-7.620434350743338
2.3159833333333335,-2.0262610863095016,-7.257356771811146
2.3326666666666664,-2.0252553916449783,-6.834978693086093
2.3493500000000003,-2.0386490409872544,-6.407752248871507
2.366033333333333,-2.029627660457293,-5.99993913266308
2.382716666666667,-2.0391486896045725,-5.5562410639636965
2.3994,-2.043440779791108,-5.077621293954074
2.416083333333333,-2.0540178502268702,-4.589523156728973
2.4327666666666667,-2.047612711424281,-4.115957109409653
2.4494499999999997,-2.040311413968528,-3.6154449924662693
2.4661333333333335,-2.033362040661534,-3.100416154913713
2.4828166666666664,-2.035852929754638,-2.5722275926830704
2.4995000000000003,-2.0295148547497526,-2.036613058605422
2.516183333333333,-2.0290541163727744,-1.4706685079398127
2.532866666666667,-2.0392571095700807,-0.9045069669735177
2.54955,-2.0449470073670657,-0.32282448370861516
2.566233333333333,-2.060945725928693,0.2833200636518072
2.5829166666666667,-2.0506539674609185,0.858402908330465
2.5995999999999997,-2.0511155087048465,1.45790088656004
2.6162833333333335,-2.0452356401735456,2.0731390047253235
2.6329666666666665,-2.0366001140984555,2.695109473019045
2.6496500000000003,-2.0347502054367594,3.314488219767199
2.666333333333333,-2.0475634517571963,3.9859448437002705
2.683016666666667,-2.043615644684844,4.6598864732856455
2.6997,-2.0428625927024906,5.341366725556558
2.716383333333333,-2.0372021535430624,6.022222326931843
2.7330666666666668,-2.0261087142815777,6.7085920104947725
2.7497499999999997,-2.0331437144171236,7.438612969800296
2.7664333333333335,-2.028260862507869,8.176192493091214
2.7831166666666665,-2.034964997146515,8.920600752923988
2.7998000000000003,-2.0267957903189395,9.675668915931467
2.8164833333333332,-2.0325934500844856,10.44305542387955
2.833166666666667,-2.027598461311504,11.20527156781904
2.84985,-2.025072773353604,11.983638302222971
2.866533333333333,-2.0195492672484554,12.773116525755746
2.8832166666666668,-2.022549135599427,13.568708832821258
2.8998999999999997,-2.027096280836042,14.364321257148802
2.9165833333333335,-2.024139867194654,15.16822781505067
2.9332666666666665,-2.030900264492627,15.98423901055694
2.9499500000000003,-2.035574657670266,16.8104285118975
2.9666333333333332,-2.0330409334560637,17.63047660595315
2.983316666666667,-2.032924754380745,18.464921816466102
3.0,-2.038300228580831,19.310240357363313
3.016683333333333,-2.0354932207960204,20.16242005591937
3.0333666666666668,-2.0315816578378714,21.01753782365757
3.0500499999999997,-2.0367690585786233,21.874180230585736
3.0667333333333335,-2.040966972366739,22.753536710022075
3.0834166666666665,-2.038069945964953,23.63855263144942
3.1001000000000003,-2.0247698010429924,24.498491424937598
3.1167833333333332,-1.8791732517160553,25.113169639496732
3.133466666666667,-1.445025522767499,25.09254035323793
3.15015,-0.3953641649681692,24.214613816619405
3.166833333333333,1.230666080873427,22.498044211588535
3.1835166666666668,3.231757358405274,20.130830262507104
3.2001999999999997,5.684582567591984,17.001809041821254
3.2168833333333335,8.130829660926112,13.825388150964628
3.2335666666666665,10.415807536738313,10.901542557280933
3.2502500000000003,12.453225175488635,8.34165120434384
3.2669333333333332,14.267579326194765,6.099511555809123
3.283616666666667,15.680787244579546,4.527335658465233
3.3003,17.000130281647134,3.115075503627569
3.316983333333333,18.540806780066134,1.3433752897045181
3.333666666666667,20.175002481929866,-0.619503164387524
3.3503499999999997,21.682601183954958,-2.362020701324518
3.3670333333333335,23.09618050078312,-3.930041398250637
3.3837166666666665,24.50542411131102,-5.47556665117779
3.4004000000000003,25.680574634451425,-6.60166983530538
3.4170833333333333,27.01663540853704,-7.974991123372554
3.433766666666667,28.4288031936539,-9.472967194400503
3.45045,29.778065322528427,-10.82723511524565
3.467133333333333,30.911758998204686,-11.7900987337413
3.483816666666667,31.812299195351272,-12.335857118393292
3.5004999999999997,32.7067250943188,-12.836308503736838
3.5171833333333336,33.555341143775486,-13.273133205220894
3.5338666666666665,34.22214658819176,-13.378915276802104
3.5505500000000003,34.62699817854056,-13.03757454546571
3.5672333333333333,35.070960798115514,-12.728847659156415
3.583916666666667,35.41622978048542,-12.258349400392738
3.6006,35.631404911798484,-11.575581308056975
3.617283333333333,35.7464251486657,-10.730051380447946
3.633966666666667,35.916409008455396,-9.956330403560585
3.6506499999999997,36.15782417845165,-9.321441456118343
3.6673333333333336,36.4750804451361,-8.81219891840145
3.6840166666666665,36.51928860452506,-7.849200854045925
3.7007000000000003,36.41524785939544,-6.6299562814409185
3.7173833333333333,36.33490679534135,-5.469467065129663
3.734066666666667,35.99568179737905,-3.8668788254792688
3.75075,35.5191878701013,-2.0905431419404295
3.767433333333333,34.816070039892075,0.07656836177653759
3.784116666666667,33.92252951203561,2.518343249931945
3.8007999999999997,32.919968745489676,5.121097057899725
3.8174833333333336,31.868015080328632,7.783237437121883
3.8341666666666665,30.877919566513082,10.284197067099853
3.8508500000000003,29.76785918380245,12.972023518394927
3.8675333333333333,28.55129785529432,15.805694409079479
3.884216666666667,27.34729066195727,18.57935503151242
3.9009,26.12403794183386,21.315130246358038
3.917583333333333,24.657169965622344,24.373990720334987
3.934266666666667,23.24427095336072,26.925051977767687
3.9509499999999997,21.73894278930071,27.13520927949314
3.9676333333333336,20.008538654101923,26.00888647032508
3.9843166666666665,18.4574086996863,26.248804077131197
4.001,16.582415097493282,26.243922915888234
4.017683333333333,14.466555473354703,25.70846125212153
4.034366666666667,12.164735541709897,25.865550844502657
4.05105,9.635978537747421,25.966730288558864
4.067733333333333,7.014049685720558,25.562758171116187
4.084416666666667,4.47792739214968,25.40681147951622
4.1011,1.9952705247891562,25.089494227356226
4.117783333333334,-0.3239464471956484,24.82082157697714
4.1344666666666665,-2.2385202651772884,24.512576758561757
4.15115,-4.08493813655225,24.669061789777004
4.167833333333333,-6.001349043230779,24.726778803831984
4.184516666666667,-7.977850309711296,24.507245862386036
4.2012,-9.693350383766363,24.008218282351464
4.217883333333333,-11.385185123204131,24.000763578932137
4.234566666666667,-12.888536487255616,23.791980200301815
4.25125,-14.414868351819779,23.67800112201644
4.267933333333334,-16.061342131091713,23.751745046272845
4.2846166666666665,-17.92149296152443,23.625421359915833
4.3013,-19.84622317301133,23.07173709067561
4.317983333333333,-21.612883185300543,22.71630503446167
4.334666666666667,-23.09065066250345,22.32922987120334
4.35135,-24.343638130037093,21.869733264187303
4.368033333333333,-25.510571263523417,21.725966344048032
4.384716666666667,-26.93346506873613,22.02004316329971
4.4014,-28.414765454396747,21.944989881740284
4.418083333333334,-29.859851316854876,21.72884583424372
4.4347666666666665,-30.86714819668504,20.89729215704935
4.45145,-31.80868967586446,20.40404642049925
4.468133333333333,-32.85760011907702,20.365410765059593
4.484816666666667,-33.94381137423176,20.60195915757761
4.5015,-34.99693845375166,20.766363298838613
4.518183333333333,-36.13887799678645,20.893388869086408
4.534866666666667,-37.263426241199525,20.996316320386534
4.55155,-38.33357313570089,20.52944203410042
4.568233333333334,-39.29616088900021,20.229021040783735
4.5849166666666665,-40.087065336126564,19.87140885250855
4.6016,-40.690221372270116,19.475217015898274
4.618283333333333,-40.930373254101895,18.77010220709691
4.634966666666667,-41.036608520801536,18.08090479051411
4.65165,-41.042218326607184,17.384819681367397
4.668333333333333,-40.96716854309301,16.705215096097817
4.685016666666667,-40.61460568920997,15.690048394680638
4.7017,-40.254685755267616,14.795741381554393
4.718383333333334,-39.820607144627395,13.882443026309474
4.7350666666666665,-39.34680303818206,12.981617054012453
4.75175,-38.4996621821413,11.547675276428002
4.768433333333333,-37.60172939168843,10.08771753591401
4.785116666666667,-36.57418816360436,8.506366106805636
4.8018,-35.48309872889907,6.836285234068072
4.818483333333333,-34.515288935634025,5.386004008128101
4.835166666666667,-33.45746010082368,3.850284380577502
4.85185,-32.09213778540947,1.8081412783918225
4.868533333333334,-30.6701790733894,-0.311592569088873
4.8852166666666665,-29.405743174033606,-2.161173412191239
4.9019,-28.119755296935654,-4.053999384037979
4.918583333333333,-26.695162158498075,-6.137079766845609
4.935266666666667,-24.908756026404042,-8.827543240844179
4.95195,-23.28710763410493,-11.206670384774014
4.968633333333333,-21.70151700435498,-13.49086831415535
4.985316666666667,-19.999158691900764,-15.898311224364988
5.002,-17.980301748429703,-18.794515085514202
5.018683333333334,-15.93678387660916,-21.643626683566385
5.0353666666666665,-13.729118041283904,-24.624239424825305
5.05205,-11.911048320046717,-26.816786928680482
5.068733333333333,-10.03869877047444,-27.764803044354625
5.085416666666667,-7.899081618920859,-26.701892682380965
5.102099999999999,-5.860261271661431,-25.99556772603269
5.118783333333334,-3.806100934154594,-25.867780659752288
5.135466666666667,-1.6838135934949048,-26.223129854429217
5.15215,0.4147907734995986,-25.758606080780186
5.168833333333334,2.3728751632695384,-25.068758580691586
5.1855166666666666,4.134899859398839,-24.718782362687932
5.2022,5.944237354746117,-24.632428757725524
5.218883333333333,7.803921630803379,-24.534703343414456
5.235566666666666,9.625595820925406,-24.163231204920454
5.252249999999999,11.505850088781747,-23.91940048500203
5.268933333333334,13.465608590090032,-23.687330066735257
5.285616666666667,15.154069084227803,-22.8219704038221
5.3023,16.992031255152938,-22.81463352473276
5.318983333333334,18.708344308649707,-22.837595967538903
5.335666666666667,20.450716504004447,-22.71971979349061
5.35235,22.286914885669653,-22.594669284155252
5.369033333333333,23.87622033702626,-22.07580089841709
5.385716666666666,25.144064795533982,-21.32743362768907
5.402399999999999,26.218717067178982,-20.51636025185626
5.419083333333334,27.249052467603892,-19.805394114299926
5.435766666666667,28.46903782926307,-19.632867114134275
5.45245,29.826431109810805,-19.842555491921097
5.469133333333334,30.86157141441284,-19.55831698409388
5.485816666666667,31.792931222293273,-19.23695144879066
5.5025,32.746554702032164,-19.03845475372235
5.519183333333333,33.56419729920356,-18.669021301823918
5.535866666666666,34.20449616252616,-18.074572186525437
5.552549999999999,34.70840192938075,-17.28657015743662
5.569233333333334,35.07123402554218,-16.392391157356123
5.585916666666667,35.39799211691137,-15.477078121540465
5.6026,35.630786977691955,-14.47659093700777
5.619283333333334,35.849926271188124,-13.588642832072807
5.635966666666667,36.21616614155174,-13.054026964812984
5.65265,36.56627819437251,-12.514711684724475
5.669333333333333,36.713021060996155,-11.649716040307347
5.686016666666666,36.68258151846442,-10.525689626231546
5.702699999999999,36.614572846672374,-9.40518266286972
5.719383333333334,36.41531476513521,-8.103165961595238
5.736066666666667,35.82027495391027,-6.161762090849223
5.75275,35.11464137060076,-4.08582976658051
5.769433333333334,34.33267379355694,-1.9544658852110572
5.7861166666666675,33.48572663055576,0.24213378609173475
5.8028,32.56772366110731,2.5486399644377755
5.819483333333334,31.525398476652487,4.977409611171577
5.836166666666667,30.64013658884228,7.077627940217312
5.85285,29.599048871737317,9.403749770289032
5.869533333333335,28.36838546939773,11.974780707719404
5.886216666666668,27.291374588264485,14.26068875844733
5.902900000000001,25.874176163975562,16.997369880838846
5.919583333333334,24.129768067827268,20.177708367727945
5.936266666666668,22.15879762450951,23.630462524600112
5.952950000000001,20.1709120407529,26.745113626166898
5.969633333333334,18.875837113413983,26.85431471475414
5.986316666666667,17.4734734177368,26.350088640630233
6.003,15.99709059588766,26.39613999733045
6.019683333333335,14.200581429365265,26.164639598697526
6.036366666666668,12.107796984588319,25.870756262878395
6.053050000000001,9.93219933613822,25.869904040605377
6.069733333333334,7.539778374104028,25.839081375357765
6.086416666666668,4.774608535037052,25.546133009935737
6.103100000000001,2.1159126955253056,25.296338505506952
6.119783333333334,-0.21263230663711286,25.01427098974701
6.136466666666667,-2.3955355060572012,24.739612201704944
6.15315,-4.435808966970341,24.60830769355738
6.169833333333335,-6.333576217036901,24.596491211455188
6.186516666666668,-8.192484348785632,24.529645067845742
6.203200000000001,-10.0769067349176,24.200542565286426
6.219883333333334,-11.979067207368404,24.045297744892935
6.236566666666668,-13.802548678413979,23.78345349929966
6.253250000000001,-15.74572244740513,23.619003342543877
6.269933333333334,-17.795588932719244,23.359191454438403
6.286616666666667,-19.666164140764717,22.97751083365256
6.3033,-21.14480862730113,22.544871647514782
6.319983333333335,-22.507914390245357,22.306816207979253
6.336666666666668,-23.878457277695436,22.350879465421208
6.353350000000001,-25.40263349187003,22.355878120758376
6.370033333333334,-26.82290508954167,22.22012184566057
6.386716666666668,-28.13131065180877,21.906769563995127
6.403400000000001,-29.480527776137798,21.667555228833336
6.420083333333334,-30.723662213650382,21.4502882759906
6.436766666666667,-31.960734416762563,21.381735306350407
6.45345,-33.152780911712235,21.278817138417644
6.470133333333335,-34.25088389545964,20.958304193500723
6.486816666666668,-35.37545746877741,20.850593292210092
6.503500000000001,-36.57147739691901,20.843794436652622
6.520183333333334,-37.720892497437575,20.576136865388307
6.536866666666668,-38.760555687491696,20.316719897188186
6.553550000000001,-39.6117511651616,20.051486805654278
6.570233333333334,-40.377144096465244,19.890065785883046
6.586916666666667,-40.95277312982223,19.642000530786078
6.6036,-41.193716788302,19.0929393027803
6.620283333333335,-41.35738669075527,18.598127334131334
6.636966666666668,-41.38163938144371,18.055283565473253
6.653650000000001,-41.379276065415354,17.559343325929483
6.670333333333334,-41.28466813315114,17.03336060514878
6.687016666666668,-40.96926264648632,16.268713243507
6.703700000000001,-40.54006205758611,15.376222099487897
6.720383333333334,-39.933147499327184,14.25471303353872
6.737066666666667,-39.239447845071815,13.044433890624362
6.75375,-38.40945642101406,11.694119414522412
6.770433333333335,-37.53499373187761,10.306037110339169
6.787116666666668,-36.45425822203816,8.619286191397226
6.803799999999999,-35.400185927223575,7.016378629017041
6.820483333333334,-34.35399295699484,5.452500160446618
6.837166666666667,-33.176171751487125,3.6981311466496933
6.853850000000001,-31.97002960731618,1.9105791548582047
6.870533333333336,-30.732802762708495,0.08302553212833885
6.887216666666667,-29.480892546206636,-1.7549643407912754
6.9039,-28.218445004030023,-3.6099443741344572
6.920583333333335,-27.02615782764209,-5.302981455834878
6.937266666666668,-25.399117148195387,-7.713058602168688
6.953949999999999,-23.503216289857537,-10.579172392125303
6.970633333333334,-21.391133863668745,-13.769781745430034
6.987316666666667,-19.37976824150878,-16.761582591906553
7.004000000000001,-17.41121538884436,-19.61045157681209
7.020683333333336,-15.651612371115425,-22.004976053796256
7.037366666666667,-14.023074763558963,-24.133201966358342
7.05405,-12.335284489247126,-26.239732764311327
7.070733333333335,-10.747627899737985,-27.759421190246503
7.087416666666668,-8.446603942563103,-28.11768981975544
7.104099999999999,-6.244825837593816,-26.995957284798116
7.120783333333334,-3.9158725709743103,-26.526229694942906
7.137466666666667,-1.7056481212183685,-26.567496125411857
7.154150000000001,0.6129774159351988,-26.443897490587172
7.170833333333336,2.7602688112519367,-25.607394822956255
7.187516666666667,4.7919726401655565,-25.14452753291673
7.2042,6.68419880048446,-24.723499143373466
7.220883333333335,8.315494077242096,-24.189603706443304
7.237566666666668,9.820541757989592,-23.752418088342118
7.254249999999999,11.42153117289269,-23.857029127347854
7.270933333333334,13.03035546573929,-23.760202389521154
7.287616666666667,14.875012272060774,-23.742978263018486
7.304300000000001,16.948119642028093,-23.518003776737146
7.320983333333336,19.153568763932096,-23.24202301429952
7.337666666666667,21.082790967917827,-22.550964140952328
7.35435,22.574671027536894,-21.77591322938548
7.371033333333335,23.686053751531023,-20.6783516715811
7.387716666666668,24.882529758956988,-20.002778351477883
7.404399999999999,26.516321455269992,-20.341372628475565
7.421083333333334,27.890526302289228,-20.386477863566906
7.437766666666667,29.115905052972142,-20.353304666424258
7.454450000000001,30.108943120149807,-20.015376225841027
7.471133333333336,30.986431297985153,-19.526542761204308
7.487816666666667,31.83460356325154,-19.088599647979116
7.5045,32.69847111013115,-18.833964889232902
7.521183333333335,33.43346507497705,-18.408101315643265
7.537866666666668,33.98237737361879,-17.75596276843782
7.554549999999999,34.57964699725469,-17.252244791516446
7.571233333333334,35.161285433081204,-16.848654764167698
7.587916666666667,35.58348399070874,-16.216746531202226
7.604600000000001,35.873975531008035,-15.401314286918087
7.621283333333336,36.199860101910154,-14.685687426143573
7.637966666666667,36.67504329252315,-14.323348898481399
7.65465,36.96713481547407,-13.730041602956632
7.671333333333335,37.0079112941808,-12.738786871401949
7.688016666666668,36.9140991937618,-11.47894354442252
7.704699999999999,36.786783793690134,-10.239221259188305
7.721383333333334,36.44940735724028,-8.708780640486246
7.738066666666667,35.8410716177626,-6.813643560887201
7.754750000000001,34.97080984610672,-4.47243824990592
7.771433333333336,34.189016283969266,-2.2992250814132262
7.788116666666667,33.30015214132599,-0.03303614585941261
7.8048,32.35135554761422,2.276357459865679
7.821483333333335,31.34924992839681,4.606780336052822
7.838166666666668,30.45861058720948,6.714798383945773
7.854849999999999,29.76523104182069,8.416663420067344
7.871533333333334,28.78769141163555,10.533099631252014
7.888216666666667,27.659836547121156,12.834821268655446
7.904900000000001,26.396265445623232,15.311762225202855
7.921583333333336,24.507779793626234,18.686778329920166
7.938266666666667,22.427286431940807,22.262264741847922
7.95495,20.400845682590578,25.637686273033758
7.971633333333335,18.720186729570564,27.176013409953562
7.988316666666668,17.40034334627897,26.315351540927665
8.004999999999999,15.764948748050378,26.578710142807743
8.021683333333334,13.578635935006291,26.47279420965822
8.038366666666667,11.258985220571114,25.789250239159635
8.055050000000001,8.881793584229618,25.780066692947436
8.071733333333336,6.49132636562229,25.69097807628217
8.088416666666667,3.918006090571143,25.31253853154761
8.1051,1.5607697647608192,25.245430542819086
8.121783333333335,-0.6957634354857322,25.057815884739064
8.138466666666668,-2.6964462518468526,24.731606110807448
8.155149999999999,-4.577604681047428,24.681322648170514
8.171833333333334,-6.573741010901572,24.690981106757413
8.188516666666667,-8.583431104144703,24.4091131536348
8.205200000000001,-10.42681309059846,24.15533521359903
8.221883333333336,-12.233650300281294,23.894650234456563
8.238566666666667,-13.985233792777297,23.720601865157235
8.25525,-16.096574938158156,23.62214258096408
8.271933333333335,-18.284261294708028,23.24342859007521
8.288616666666668,-20.34753784292833,22.85668735392899
8.305299999999999,-21.969125877297767,22.460330771697272
8.321983333333334,-23.2909164771101,22.044999278140345
8.338666666666667,-24.593889097670317,21.948872661963293
8.355350000000001,-25.83640918187636,21.94352402258462
8.372033333333336,-26.792390146694792,21.567005603639387
8.388716666666667,-27.77463178649242,21.542395214020246
8.4054,-28.897668950554223,21.76549185701782
8.422083333333335,-30.126193468314476,21.914206617386853
8.438766666666668,-31.25580152438352,21.67562850713002
8.455449999999999,-32.39062405191775,21.377267700591943
8.472133333333334,-33.27840037628082,20.86198488108296
8.488816666666667,-33.94486299293519,20.290585549726714
8.505500000000001,-34.44301635616111,19.684682076562382
8.522183333333336,-35.15233608087157,19.637251290011967
8.538866666666667,-36.10696124672882,20.195223692037615
8.55555,-37.13863666738029,20.763766685594604
8.572233333333335,-38.27671208796436,21.003752076210645
8.588916666666668,-39.365722813122545,20.742752235837848
8.605599999999999,-40.3128523340506,20.354770484486814
8.622283333333334,-40.94040533307908,19.60921101180179
8.638966666666667,-41.182183704976154,18.529354153255703
8.655650000000001,-41.1813500962947,17.34582069494585
8.672333333333336,-41.10720247628919,16.24325058812979
8.689016666666667,-40.926597401118336,15.15889664983083
8.7057,-40.55384726748673,13.868013025161993
8.722383333333335,-39.987316776762896,12.408215240279475
8.739066666666668,-39.252299282928625,10.824904697007845
8.755749999999999,-38.34486466205062,9.070011539506911
8.772433333333334,-37.49224254241781,7.4717164780429
8.789116666666667,-36.459879669678465,5.669111926450228
8.805800000000001,-35.42039659172658,3.9163281430684407
8.822483333333336,-34.42484587048247,2.3015671465075904
8.839166666666667,-33.36085387972584,0.6183161030508515
8.85585,-32.21786778360858,-1.143827551674221
8.872533333333335,-31.04505808605506,-2.9040305064230374
8.889216666666668,-29.7913676810235,-4.7536137234710765
8.905899999999999,-28.42733059281814,-6.753417731950819
8.922583333333334,-26.97443614354251,-8.889547486453818
8.939266666666667,-25.525150623909738,-10.967617130632926
8.955950000000001,-24.295933634544728,-12.665649407786399
8.972633333333336,-22.93256555493703,-14.554530710321275
8.989316666666667,-21.368305041833523,-16.778778505902032
9.006,-19.309885947822117,-19.82687003582092
9.022683333333335,-16.77841797171464,-23.69382668985861
9.039366666666668,-14.399606703256127,-27.214324680880985
9.056049999999999,-12.140539030733835,-29.109364725172455
9.072733333333334,-9.593263347184458,-27.403283951203804
9.089416666666667,-7.561838946984253,-25.754324391342735
9.106100000000001,-5.679148040906225,-24.40634800071094
9.122783333333336,-4.017188214804017,-23.60911061125362
9.139466666666667,-2.31167053100203,-23.352443089966464
9.15615,-0.2949033996004057,-24.03433035321348
9.172833333333335,1.784726527200865,-25.122084895355673
9.189516666666668,4.029157638716255,-26.27255215809255
9.206199999999999,6.468074593124509,-25.274969125163445
9.222883333333334,8.495625244532585,-24.03862843524029
9.239566666666667,10.589633756894889,-23.551480641344888
9.256250000000001,12.491471583161166,-23.306331022244848
9.272933333333336,14.262704718142944,-23.313973950268675
9.289616666666667,15.850791615137167,-23.17205614067842
9.3063,17.53629472251691,-23.29936927575691
9.322983333333335,19.076682837047187,-22.850313951218123
9.339666666666668,20.505123269156975,-22.14852103543051
9.356349999999999,21.96041802414001,-21.969611708563846
9.373033333333334,23.477767915869677,-22.11771682357662
9.389716666666667,25.027752399301534,-22.371077010030398
9.406400000000001,26.444284404331846,-22.24072940831293
9.423083333333336,27.726287052275975,-22.002274037581905
9.439766666666667,28.910179275278256,-21.73853192343906
9.45645,30.022211231777153,-21.450561926465262
9.473133333333335,31.032735375769498,-21.17140414877825
9.489816666666668,31.969862460211974,-20.970593457281797
9.506499999999999,32.79992627184222,-20.680629310549705
9.523183333333334,33.43004842441745,-20.07107549424574
9.539866666666667,34.0100130487985,-19.417553144547455
9.556550000000001,34.65878798987558,-19.010432150810274
9.573233333333336,35.20501895338572,-18.559628816168363
9.589916666666667,35.54335023971728,-17.815515058713913
9.6066,35.808797055178616,-17.044028651077504
9.623283333333335,36.09994565528096,-16.418679017291993
9.639966666666668,36.38602313571471,-15.85128915092816
9.656649999999999,36.63038808796376,-15.184977495997309
9.673333333333334,36.707131187565174,-14.33022749924595
9.690016666666667,36.65020758061041,-13.337932586159212
9.706700000000001,36.51153384293104,-12.213014172202875
9.723383333333336,36.254821557804995,-10.931398699184427
9.740066666666667,35.739319288854816,-9.278845456797264
9.75675,35.10500329070732,-7.502961474575002
9.773433333333335,34.41168165693653,-5.626678785769798
9.790116666666668,33.76985251281968,-3.8623588297644957
9.806799999999999,33.02665757529013,-1.9998590254912614
9.823483333333334,32.17095192291145,-0.04635511876414711
9.840166666666667,31.340712029410604,1.8719585241520917
9.856850000000001,30.30694053891232,4.139565785623699
9.873533333333336,28.95992630249176,6.826315736994445
9.890216666666667,27.48883766861113,9.63355635579886
9.9069,25.57333958915831,13.153852960493737
9.923583333333335,23.195251504943883,17.308964406824288
9.940266666666668,20.711820885154324,21.479030365837602
9.956949999999999,18.40891880460398,25.14787761229114
9.973633333333334,16.563123705130934,27.15145647355996
9.990316666666667,14.941894979191815,26.450735318065398
10.007000000000001,13.259387412065452,26.260841400471968
10.023683333333336,11.540237246930138,26.229531953161896
10.040366666666667,9.810136642673585,25.6231364600472
10.05705,8.21936739613033,25.257560647923576
10.073733333333335,6.433561137538315,25.649858535354475
10.090416666666668,4.568982698126302,25.69644886258176
10.107099999999999,2.737498701095239,25.50942970259692
10.123783333333334,0.4979686381459582,25.341525794245022
10.140466666666667,-2.1317763469593976,24.966469413226832
10.157150000000001,-4.670614103592766,24.738578682224002
10.173833333333336,-7.202296628794302,24.540269059741384
10.190516666666667,-9.631167231228389,24.082449787231027
10.2072,-11.788432748759895,23.844704828670757
10.223883333333335,-13.5803563519901,23.591956012068977
10.240566666666668,-15.313152459830748,23.578787246838026
10.257249999999999,-16.732402257635716,23.40445614655033
10.273933333333334,-18.154982038140364,23.50455712618647
10.290616666666667,-19.80138139319783,23.435929401756937
10.307300000000001,-21.66724539921259,23.06466328173768
10.323983333333336,-23.48140105131754,22.580868230325976
10.340666666666667,-25.26179800001236,22.403688110228757
10.35735,-26.299972627240173,21.434148727254325
10.374033333333335,-27.311752717310675,20.693047055613462
10.390716666666668,-28.308210158986405,20.27785724291615
10.407399999999999,-29.337846462735627,20.2812943312679
10.424083333333334,-30.45362546030752,20.604012977110685
10.440766666666667,-31.59271498019332,21.028909230216883
10.457450000000001,-32.644165836439626,21.38682510368899
10.474133333333336,-33.76690836828862,21.571074956574563
10.490816666666667,-34.749186457611216,21.41920644398818
10.5075,-35.565797596484714,20.72949603512749
10.524183333333335,-36.452015423560375,20.449923728648045
10.540866666666668,-37.6042457844639,20.727953694150123
10.557549999999999,-38.652865814024686,20.812004264061876
10.574233333333334,-39.63451573654041,20.712060517355845
10.590916666666667,-40.42562937081523,20.309984541070854
10.607600000000001,-41.029812051617405,19.881492914348726
10.624283333333336,-41.33437343719649,19.125309478969463
10.640966666666667,-41.423190110499775,18.238896493987298
10.65765,-41.41669213641776,17.398642068786515
10.674333333333335,-41.40570369374936,16.643398286071047
10.691016666666668,-41.33200214330377,15.880575694246517
10.707699999999999,-41.0933328920063,14.988850879070284
10.724383333333334,-40.59369445596337,13.805540259509847
10.741066666666667,-39.71859490384549,12.13370186142238
10.757750000000001,-38.749955684728285,10.371964944206688
10.774433333333336,-37.807029321461826,8.672918902407986
10.791116666666667,-36.72372644811487,6.827061064044489
10.8078,-35.63317015540011,5.011273288329001
10.824483333333335,-34.55523698373442,3.2730366741353905
10.841166666666668,-33.406690956435156,1.446321059106097
10.85785,-32.46086963854492,-0.023005511681279955
10.874533333333334,-31.52120815965173,-1.4392209375811476
10.891216666666667,-30.435957904802873,-3.0625308917534113
10.907900000000001,-29.225127521013942,-4.863702681522742
10.924583333333336,-27.993990529239888,-6.656750182814928
10.941266666666667,-26.30852420620721,-9.194920015816884
10.95795,-24.29937151978673,-12.233786510361728
10.974633333333335,-21.966541453249203,-15.781593161071008
10.991316666666668,-19.61481596448214,-19.343622733197343
11.008,-17.293192747847158,-22.824625583789786
11.024683333333334,-15.18492966832345,-25.892216586740794
11.041366666666667,-13.643763955100766,-27.679780389112054
11.058050000000001,-11.729151948091696,-27.142299659961928
11.074733333333336,-9.985041745425347,-25.55171105849508
11.091416666666667,-8.132558798027484,-25.117172040213738
11.1081,-6.116659414162619,-25.36798171647955
11.124783333333335,-4.19598492900578,-25.96624284798309
11.141466666666668,-2.1743487137670674,-26.060257973926362
11.15815,0.060211515421996854,-25.712130415258347
11.174833333333334,2.361575744995124,-25.485768703954374
11.191516666666667,4.683113389997476,-25.143127721940438
11.208200000000001,6.815267569539779,-24.420504502208882
11.224883333333336,8.74218092616314,-23.969751828124902
11.241566666666667,10.713632122855758,-23.925337818329517
11.25825,12.688247911637232,-23.5889399789772
11.274933333333335,14.520354436879026,-23.02324791761759
11.291616666666668,16.20691778071449,-22.682349423029528
11.3083,17.656320408821962,-22.267424094725033
11.324983333333334,19.02708304396661,-21.91757730299488
11.341666666666667,20.445780908519023,-21.903532240448943
11.358350000000002,22.021417393236653,-22.367651204308746
11.375033333333336,23.464776518331984,-22.34066915384874
11.391716666666667,24.8655782267257,-22.059485008560195
11.4084,26.33897448622963,-22.114572621538162
11.425083333333335,27.552001340660578,-21.85561209312484
11.441766666666668,28.77926951571403,-21.68877066728413
11.45845,30.122208901996707,-21.85785037019693
11.475133333333334,31.301794694219353,-21.840364887616694
11.491816666666667,32.34070732963425,-21.667877211201194
11.508500000000002,33.19889071405899,-21.280346479564436
11.525183333333336,33.882621219597496,-20.680326423463363
11.541866666666667,34.35833331201392,-19.822226900690545
11.55855,34.857360924951344,-19.107518901189053
11.575233333333335,35.44894958515565,-18.598804559998342
11.591916666666668,35.98793890116117,-18.070703345798414
11.6086,36.5614173796462,-17.664253019125567
11.625283333333334,37.025177532304305,-17.175705312817634
11.641966666666667,37.269851213322795,-16.357864768986367
11.658650000000002,37.2740989830461,-15.215050265427934
11.675333333333336,37.21537668756123,-14.036494811048591
11.692016666666667,37.1036205963326,-12.854351613620565
11.7087,36.97000191558612,-11.676165908787318
11.725383333333335,36.547282103675876,-10.085983680453403
11.742066666666668,36.0048727097602,-8.379550200163969
11.75875,35.1945451615501,-6.250058315089767
11.775433333333334,34.16246238085537,-3.7867741270534836
11.792116666666667,33.00628210280959,-1.1665308483156025
11.808800000000002,31.878979239785178,1.307105377441271
11.825483333333336,30.83432353322242,3.5754169570670236
11.842166666666667,29.842731460282614,5.7196457704652275
11.85885,28.822311625343282,7.821973800808713
11.875533333333335,27.79940433543116,9.87206144242927
11.892216666666668,26.688200204237287,12.00012505503274
11.9089,25.28197586876629,14.572962668580672
11.925583333333334,23.78629670951978,17.217015446356633
11.942266666666667,21.86853924390324,20.415301798165885
11.958950000000002,19.77712319663745,23.77305350464934
11.975633333333336,17.71133822360873,26.830065874409172
11.992316666666667,15.96168486489483,26.986575603589962
12.009,13.921349604942444,26.24648112833635
12.025683333333335,11.80177178911357,26.543787729422007
12.042366666666668,9.366736995338874,26.240147874374927
12.05905,6.929429447796938,25.589028437219355
12.075733333333334,4.564491278421304,25.638416799112264
12.092416666666667,2.368705570545616,25.566191823740496
12.109100000000002,0.4994037415927493,25.232241065355012
12.125783333333336,-1.3052207336425352,25.234351130637364
12.142466666666667,-2.9344872432660907,25.06646665313388
12.159149999999999,-4.433763999027253,24.96703499821008
12.175833333333335,-5.957694893737745,25.030494584321907
12.192516666666668,-7.775352286779646,25.06120343021098
12.2092,-9.911384134733943,24.63691238234798
12.225883333333334,-12.23564721662993,24.2592183517436
12.242566666666667,-14.72765517660282,24.08702666814446
12.259250000000002,-17.10495861253666,23.385561176891038
12.275933333333336,-19.27153939447095,23.080765848005726
12.292616666666667,-20.847236173951252,22.561092008088636
12.309299999999999,-21.97120800518301,21.860694874542737
12.325983333333335,-23.128570215931244,21.527898401685007
12.342666666666668,-24.439604568646395,21.59433389298595
12.35935,-25.765530009394038,21.934574976074025
12.376033333333334,-27.363108216784195,22.40487439894654
12.392716666666667,-28.888176396646337,22.435786039255234
12.409400000000002,-30.370979658204206,22.127850694612825
12.426083333333336,-31.767582660489204,21.566817085212307
12.442766666666667,-33.09277258639131,21.32646997722354
12.459449999999999,-34.36544388537927,21.15835075034643
12.476133333333335,-35.561673607671906,20.995760638233747
12.492816666666668,-36.672503387513466,20.987826169002254
12.5095,-37.67754620724576,20.9762908610061
12.526183333333334,-38.67889053970768,20.845742170652443
12.542866666666667,-39.58527304262719,20.600460782713846
12.559550000000002,-40.347230953545676,20.397381146254816
12.576233333333336,-40.952446061871036,20.148979283144037
12.592916666666667,-41.35898937538257,19.6967420610761
12.609599999999999,-41.57641509423016,19.14148923001661
12.626283333333335,-41.65426610152362,18.53030352559226
12.642966666666668,-41.65558573950365,17.883000968881937
12.659650000000001,-41.6265055111074,17.276923388580812
12.676333333333334,-41.48560823512243,16.570290946670035
12.693016666666667,-41.08338389237279,15.575982006798526
12.709700000000002,-40.56033469442886,14.476350356750707
12.726383333333336,-39.895552229607624,13.170537683515022
12.743066666666667,-39.13070800675761,11.81252192231078
12.759749999999999,-38.32534952793501,10.398260627665657
12.776433333333335,-37.41727703699659,8.851393606871891
12.793116666666668,-36.322877595725345,7.05260906373973
12.809800000000001,-35.374726789315034,5.494142233627208
12.826483333333334,-34.36226362414081,3.9067769490154554
12.843166666666667,-33.21213490662397,2.116082431831014
12.859850000000002,-32.064064663566555,0.3081362012433857
12.876533333333336,-30.94563415184018,-1.387489513382306
12.893216666666667,-29.65893436886614,-3.340042735438878
12.909899999999999,-28.450362236731383,-5.158753475096223
12.926583333333335,-27.28474529297179,-6.877835418411614
12.943266666666668,-25.81530723304898,-9.082217400773825
12.959950000000001,-24.007428102763946,-11.837790359906
12.976633333333334,-21.891741140050264,-15.141417768924539
12.993316666666667,-19.600884144050138,-18.728314922380115
13.010000000000002,-17.178955605274684,-22.514859576677075
13.026683333333336,-15.009070601339685,-25.86828080005383
13.043366666666667,-13.495803058933275,-27.737432677643383
13.060049999999999,-11.564869843433609,-27.29408343153661
13.076733333333335,-9.796151302682508,-25.926690235862356
13.093416666666668,-8.122487725656912,-25.026146119022243
13.110100000000001,-6.309429697198013,-24.914669774225608
13.126783333333334,-4.463505338503533,-25.348417227275757
13.143466666666667,-2.652716293676711,-25.90873491130049
13.160150000000002,-0.5220934382753714,-26.197369262852874
13.176833333333336,2.047783427285084,-26.108299896973154
13.193516666666667,4.7672059059026255,-25.50475636503659
13.210199999999999,7.171015153949552,-24.604012864281227
13.226883333333335,9.333436586976182,-24.182758108685338
13.243566666666668,11.356667969994872,-23.799958002546155
13.260250000000001,13.277830751608162,-23.52377986189721
13.276933333333334,14.864220213488581,-23.04118112196491
13.293616666666667,16.17516838841499,-22.27605328084829
13.310300000000002,17.662729435940683,-22.025966016794982
13.326983333333336,19.264486227406778,-22.234921388924693
13.343666666666667,20.966593114233294,-22.72814175181548
13.360349999999999,22.427664770613482,-22.245483007578223
13.377033333333335,23.88997407680037,-21.786584930919112
13.393716666666668,25.431165247625092,-21.80432236276701
13.410400000000001,26.639073758347493,-21.463311085379644
13.427083333333334,27.829222837449947,-21.265265282837625
13.443766666666667,29.22630191774484,-21.556899548841525
13.460450000000002,30.471801312784052,-21.750798175107324
13.477133333333336,31.464128029036534,-21.577640582466994
13.493816666666667,32.28215450882539,-21.1465942428824
13.510499999999999,33.090647605420976,-20.75953927008105
13.527183333333335,33.734707214153126,-20.156313355194754
13.543866666666668,34.197960290609515,-19.368626473354396
13.560550000000001,34.771144053439556,-18.781461679100005
13.577233333333334,35.42700293880419,-18.41912172486787
13.593916666666667,36.08119362709248,-18.226946424390192
13.610600000000002,36.65254915206253,-17.98437151627273
13.627283333333336,37.1373507056399,-17.647669109644305
13.643966666666667,37.31893133084349,-16.845234353199942
13.660649999999999,37.35407123910891,-15.816384294710943
13.677333333333335,37.230857684148276,-14.58974914909303
13.694016666666668,37.0883750005942,-13.365980144503041
13.710700000000001,36.91651412499112,-12.146248694308667
13.727383333333334,36.46810976268511,-10.524395503154743
13.744066666666667,35.797574180079586,-8.618592244233994
13.760750000000002,34.872584397132904,-6.320046838745512
13.777433333333336,33.91946807450869,-4.043234171765427
13.79411666666667,32.88211963174558,-1.6820705337562671
13.810800000000002,31.89649744484427,0.5483974113476648
13.827483333333335,30.861148084551477,2.79140348489123
13.844166666666668,29.806857158776833,5.004629659795793
13.860850000000001,28.843232969719665,7.019529452438995
13.877533333333334,27.783492899238297,9.10750041427697
13.894216666666667,26.787562155298033,11.055892987724157
13.9109,25.283258759629206,13.787752572275522
13.927583333333333,23.29995729379707,17.19850194221594
13.94426666666667,21.243167590678112,20.66430768729525
13.960950000000002,19.004316873213845,24.318998728347886
13.977633333333335,16.88625400224939,27.008686414776747
13.994316666666668,15.213751744870544,26.32772738059338
14.011000000000001,13.40834719559725,26.119621191238274
14.027683333333334,11.755125222081675,26.134529096067652
14.044366666666667,9.983437187612452,25.81867757747294
14.06105,7.825424716028561,25.81476239137733
14.077733333333333,5.374014913855883,25.749505228419594
14.09441666666667,2.6937659643766705,25.618708901072885
14.111100000000002,0.2429076850355223,25.260708280676468
14.127783333333335,-2.069986009721028,24.926185398186682
14.144466666666668,-4.116002367159307,24.6381783630666
14.161150000000001,-6.070011518542578,24.521386133446498
14.177833333333334,-7.844818131991783,24.58958450512425
14.194516666666667,-9.66359866410779,24.651711974299893
14.2112,-11.511810569410603,24.34524880338141
14.227883333333333,-13.440087581495511,23.99256452575147
14.24456666666667,-15.343100111557787,23.830729083422938
14.261250000000002,-17.26507690528391,23.6658191322325
14.277933333333335,-19.061286433345757,23.348411899427987
14.294616666666668,-20.815718670744996,23.223514052884916
14.311300000000001,-22.716218311664406,23.027685614779784
14.327983333333334,-24.38350677334525,22.502120437177098
14.344666666666667,-25.96177731399878,22.36894405124876
14.36135,-27.168047159310873,21.901739103630504
14.378033333333333,-28.086258429985282,21.321741105581232
14.39471666666667,-29.065482246905432,21.13135742664798
14.411400000000002,-30.21169591774871,21.50244459143029
14.428083333333335,-31.453350739135963,21.86469491769313
14.444766666666668,-32.74517603097849,21.89810187830794
14.461450000000001,-33.91090795162482,21.49510545527191
14.478133333333334,-35.01402646187579,21.249562437487782
14.494816666666667,-36.19429932631507,21.124190525319477
14.5115,-37.30841983380841,21.011689539758876
14.528183333333333,-38.145593327471346,20.661555509590116
14.54486666666667,-39.09618889632674,20.69989398328552
14.561550000000002,-40.00194459829891,20.686499077858926
14.578233333333335,-40.73839958109394,20.528809339048244
14.594916666666668,-41.24336825346591,20.26346775194581
14.611600000000001,-41.48100341192057,19.757581650325008
14.628283333333334,-41.61054891064883,19.227222145757928
14.644966666666667,-41.614796045942704,18.603942955376183
14.66165,-41.48084150936083,17.863944621550687
14.678333333333333,-41.34727511274826,17.195865317773453
14.69501666666667,-41.16910277405793,16.53341880708166
14.711700000000002,-40.88943918615718,15.814612576241188
14.728383333333335,-40.35377291563323,14.767301547833824
14.745066666666668,-39.63464571068602,13.493408845802364
14.761750000000001,-38.683080593629235,11.928650335319809
14.778433333333334,-37.70929418594733,10.330719751555222
14.795116666666667,-36.67944804375136,8.699666833613378
14.8118,-35.673018231537604,7.145013012495983
14.828483333333333,-34.44836284286823,5.2823464242739995
14.84516666666667,-33.29192670324698,3.5394560577437346
14.861850000000002,-31.99109334371878,1.6060395232963316
14.878533333333335,-30.50253922116891,-0.598333436621246
14.895216666666668,-29.03503867800482,-2.765697412295875
14.911900000000001,-27.829367177295865,-4.479463326482694
14.928583333333334,-26.60999486015871,-6.205041228465593
14.945266666666667,-24.981053440931706,-8.586400979921086
14.96195,-23.345088956049754,-10.97562022214715
14.978633333333333,-21.330421542819558,-14.016599101169462
14.99531666666667,-19.371947410505655,-16.940064598156354
15.012000000000002,-17.408031895135704,-19.853231488729996
15.028683333333335,-15.258076688209632,-23.044106370645252
15.045366666666668,-13.178501676157637,-26.14166399572687
15.062050000000001,-11.370439568065859,-28.169243499574524
15.078733333333334,-8.989281923672172,-27.81203417541531
15.095416666666667,-7.014164126834384,-26.168250881899773
15.1121,-5.1727452682088755,-24.958862162996795
15.128783333333333,-3.1898167815094776,-24.739002219563293
15.14546666666667,-1.0538517830837941,-25.300283015557905
15.162150000000002,1.0439188735453229,-26.108249087465907
15.178833333333335,3.4302852126931143,-26.38371587248964
15.195516666666668,5.605650540128635,-24.80427040177427
15.212200000000001,7.562379332482656,-23.656704897636875
15.228883333333334,9.300405738998453,-22.80401961732973
15.245566666666667,10.986727753458194,-22.46189690567686
15.26225,12.785120379175696,-22.570804053475435
15.278933333333333,14.512891880957435,-22.92592068155741
15.29561666666667,16.195984573801258,-23.295143077097926
15.312300000000002,17.833704607618973,-23.17372757658928
15.328983333333335,19.47871220192215,-22.813942122209973
15.345666666666668,21.107610191201008,-22.61895213569672
15.362350000000001,22.569668494126436,-22.15072103358243
15.379033333333334,24.058477164431757,-22.032232598288633
15.395716666666667,25.76400813958346,-22.483045077027068
15.4124,27.343408514124388,-22.378463422271622
15.429083333333333,28.667073909283133,-21.88138072547623
15.44576666666667,29.71315847356191,-21.21723568590234
15.462450000000002,30.574415895678346,-20.354499761683126
15.479133333333335,31.429286044830764,-19.584083610342592
15.495816666666668,32.41842402939001,-19.184947141712193
15.512500000000001,33.39413044504773,-18.89597705726701
15.529183333333334,33.99848707207867,-18.10621099747462
15.545866666666667,34.43036198003245,-17.077722681349215
15.56255,34.99829828506047,-16.35021669649835
15.579233333333333,35.57223406923607,-15.827511960429575
15.59591666666667,36.102326689497914,-15.351248783899706
15.612600000000002,36.5849977416717,-14.842764378586416
15.629283333333335,36.98894076386559,-14.2307616911948
15.645966666666668,37.196640736049964,-13.346022545813938
15.662650000000001,37.183598428246704,-12.207188316181515
15.679333333333334,37.098779984205024,-10.95233652401204
15.696016666666667,36.92192554168463,-9.633571924509994
15.7127,36.57596573221727,-8.10176887659862
15.729383333333333,36.13398803980049,-6.47454886928346
15.74606666666667,35.57899967151214,-4.709272317965784
15.762750000000002,34.942414941725254,-2.8218018812024823
15.779433333333335,34.14976652675768,-0.7002380938125512
15.796116666666668,33.266427106192715,1.5487515271621959
15.812800000000005,32.35420715932737,3.793900223893587
15.829483333333334,31.48112052624759,5.913770903800266
15.846166666666667,30.49565188276407,8.196283773070764
15.86285,29.23561156919305,10.907415812551818
15.879533333333333,27.81221931064944,13.8088821912106
15.896216666666666,26.28415222818531,16.7478112139284
15.912900000000002,24.684772755826536,19.711138760535285
15.929583333333335,22.978243162647097,22.759528248513654
15.946266666666668,21.139361516702156,25.863763489195165
15.962950000000005,19.528864719999365,27.008448973972605
15.979633333333334,17.90844097439826,26.445635512101177
15.996316666666667,16.216105876405656,26.24537408672355
16.012999999999998,14.41916704090253,26.24644002481181
16.02968333333333,12.216621142683145,25.766924597139855
16.046366666666664,9.79158371839695,25.7330199661399
16.063050000000004,7.27668175489729,25.654998409589048
16.079733333333337,4.629032095361771,25.366020247818682
16.09641666666667,1.9578864226288328,25.240609248427212
16.113100000000003,-0.5719395237305344,24.966904638536633
16.129783333333336,-2.584359512460941,24.589230945380997
16.14646666666667,-4.464653837170224,24.551883422620897
16.16315,-6.404903738450522,24.60052087643014
16.179833333333335,-8.357457997429592,24.56609251035737
16.196516666666668,-10.29205870103047,24.34653247451473
16.2132,-12.378465111409888,24.027394366924277
16.229883333333333,-14.15563320838251,23.56056889306447
16.246566666666666,-15.65460590875139,23.25918277462503
16.263250000000006,-17.025816210629227,23.062351692860787
16.279933333333332,-18.444547216438572,23.160161274057955
16.296616666666665,-19.961642264487708,23.186762815615623
16.313299999999998,-21.552260680283464,23.25974498474926
16.32998333333333,-23.19588991591059,22.960030678073423
16.346666666666664,-25.112167352606665,22.48376430650498
16.363350000000004,-26.80139106198996,22.214156806110495
16.380033333333337,-28.213170096635046,21.858797035555256
16.39671666666667,-29.566924394858827,21.699486906467747
16.413400000000003,-30.671003201678715,21.482107261010512
16.430083333333336,-31.709401197256394,21.46298971133212
16.44676666666667,-32.840153680915726,21.509355352137
16.46345,-34.01250797964294,21.521332786237906
16.480133333333335,-35.07820643319162,21.388927055998423
16.496816666666668,-36.181868990217254,21.27004424572835
16.5135,-37.254233816634816,21.052772854712316
16.530183333333333,-38.31064943597443,20.890264147839645
16.546866666666666,-39.30578769483075,20.79276832663969
16.563550000000006,-40.26871817227388,20.745460624140648
16.580233333333332,-41.03711491825021,20.5665656724573
16.596916666666665,-41.55016002400296,20.1991140548743
16.613599999999998,-41.74139362761125,19.571005300256473
16.63028333333333,-41.79028661664675,18.878630521165057
16.646966666666664,-41.77385515952493,18.220823452432384
16.663650000000004,-41.726214378883114,17.63664249688521
16.680333333333337,-41.503167728420024,16.915396670377355
16.69701666666667,-41.11166899925115,16.006649714323295
16.713700000000003,-40.63204065934175,15.027684920069014
16.730383333333336,-39.92535876359259,13.779392608237387
16.74706666666667,-39.061542564480284,12.33449186786411
16.76375,-38.20035354249232,10.939771415246938
16.780433333333335,-37.31105189606382,9.547947544548002
16.797116666666668,-36.29644275292114,7.986423939667517
16.8138,-35.294686348220466,6.483578676187143
16.830483333333333,-34.195752017585704,4.861698090950476
16.847166666666666,-32.86888170921504,2.881329615325768
16.863850000000006,-31.585105784166878,0.9657472899538853
16.880533333333332,-30.04579551566413,-1.3423072366735482
16.897216666666665,-28.594211484021965,-3.480048932962287
16.913899999999998,-27.21760623114634,-5.502631020728689
16.93058333333333,-25.67262568740784,-7.794817418397269
16.947266666666664,-23.97630634759145,-10.32674921655872
16.963950000000004,-22.232342729259468,-12.934149118843168
16.980633333333337,-20.73347628319374,-15.109659906468194
16.99731666666667,-19.169201155540044,-17.28278346179151
17.014000000000003,-17.509033743662467,-19.543879341818496
17.030683333333336,-15.978840419075278,-21.5422493051136
17.04736666666667,-14.018886337994783,-24.25827339204867
17.06405,-12.093900317778806,-26.85068329369995
17.080733333333335,-9.853369101627257,-28.090641194870493
17.097416666666668,-7.145774511079406,-26.954806297411587
17.1141,-5.022245036131997,-25.12595712489811
17.130783333333333,-2.7522969432017415,-24.364520040969246
17.147466666666666,-0.3940154255149166,-24.59383382678015
17.164150000000006,1.8783574553605538,-25.171629051949086
17.180833333333332,4.053043108594383,-24.778985117369277
17.197516666666665,6.0618678204646415,-23.987143271258788
17.214199999999998,7.753403506227061,-23.371214654283307
17.23088333333333,9.366122669482552,-22.97790072044343
17.247566666666664,10.97433197271186,-22.98772206836132
17.264250000000004,12.692485872170895,-23.315499975004087
17.280933333333337,14.545918933307503,-23.40063231692907
17.29761666666667,16.384256285563968,-22.787983801352443
17.314300000000003,18.2108340985775,-22.575121148714736
17.330983333333336,19.902769857302882,-22.363627417067267
17.34766666666667,21.2836658541371,-21.80833762918852
17.36435,22.8045211962203,-21.74622977013693
17.381033333333335,24.458502070841938,-22.1955644254913
17.397716666666668,25.81666538475799,-22.123499908065245
17.4144,26.995871684218713,-21.684220732646008
17.431083333333333,28.196091177613493,-21.462128771057998
17.447766666666666,29.284212750421382,-21.3210840158469
17.464450000000006,30.264614258833216,-21.068573942409568
17.481133333333332,31.119840918998293,-20.618394673386334
17.497816666666665,32.12868468038111,-20.500164357827728
17.514499999999998,33.13735049360518,-20.544736278731506
17.53118333333333,34.03120922185737,-20.441000694710795
17.547866666666664,34.536762157977044,-19.729863309891286
17.564550000000004,35.04463216276389,-19.0309511193218
17.581233333333337,35.69804324412234,-18.662463824282234
17.59791666666667,36.09551860203695,-17.974727675752412
17.614600000000003,36.38113511977222,-17.13972819777129
17.631283333333336,36.662309628414874,-16.398906616747098
17.64796666666667,36.98172730900193,-15.77466450612475
17.66465,37.115706536539804,-14.892712254060655
17.681333333333335,37.06595385668821,-13.734693088055963
17.698016666666668,36.87451475600265,-12.389174233536849
17.7147,36.654230678171146,-11.061415654530265
17.731383333333333,36.15358481117346,-9.294190580796482
17.748066666666666,35.404305018151916,-7.187950192861777
17.764750000000006,34.64077258154348,-5.100011835502272
17.781433333333332,33.82240831669892,-2.964064278243576
17.798116666666665,32.95348935889892,-0.794933596075289
17.814799999999998,31.95979976787207,1.5451875146486813
17.83148333333333,31.079911542929462,3.6031290320112355
17.848166666666664,30.133845613069145,5.696110306568496
17.864850000000004,29.151910098024633,7.80850792048555
17.881533333333337,27.741779799738104,10.620161873031925
17.89821666666667,26.142063576199156,13.668653417528091
17.914900000000003,24.26929377881268,17.06141555625223
17.931583333333336,22.243076994249684,20.641850455616584
17.94826666666667,19.996880093006197,24.44786983604314
17.96495,17.9793800600218,27.01471502870652
17.981633333333335,16.108956392090622,26.205894498088853
17.998316666666668,14.735200546059165,25.49757972189623
18.015,13.315399091414168,25.981046669493793
18.031683333333334,11.865486853376094,25.57559199941366
18.048366666666666,10.357697098875652,25.34896486405536
18.065050000000006,8.438926283608312,25.791248294812874
18.081733333333332,6.259559391160237,26.21233296347239
18.098416666666665,3.728102586507233,25.78051242622864
18.115099999999998,1.0455977164031094,25.747088972023157
18.13178333333333,-1.7321851240971056,25.41330672024833
18.148466666666664,-4.25774502986302,24.808884342773467
18.165150000000004,-6.600648615900801,24.711910230028053
18.181833333333337,-8.682606336592613,24.59248368676007
18.19851666666667,-10.492993714036364,24.395735784584275
18.215200000000003,-12.33161926625163,24.38273745345134
18.231883333333336,-13.994575041320674,24.155586478397467
18.24856666666667,-15.645029406976004,24.078231983113398
18.26525,-17.251627938209126,23.887568261408163
18.281933333333335,-19.02994167795687,23.74945187735581
18.298616666666668,-21.082859712340653,23.498332597083227
18.3153,-22.984154896778445,22.96694357166748
18.331983333333334,-24.637257728253875,22.728199661521415
18.348666666666666,-26.068695180488373,22.414392263716337
18.365350000000007,-27.49842914381587,22.387874197687808
18.382033333333332,-28.74327542242559,22.305454935537895
18.398716666666665,-29.906054683419402,22.2244390071003
18.415399999999998,-31.043181469985743,22.13190014671018
18.43208333333333,-32.273718169785454,22.000524911256143
18.448766666666664,-33.45081972032972,21.69035598180092
18.465450000000004,-34.47339623179961,21.39278271059254
18.482133333333337,-35.508434424202775,21.347455512900282
18.49881666666667,-36.66643598070592,21.44006604784284
18.515500000000003,-37.78063099191278,21.32271222217593
18.532183333333336,-38.83989624389438,21.074928368020572
18.54886666666667,-39.75027437383685,20.747012976983584
18.56555,-40.573096901308894,20.522938200819446
18.582233333333335,-41.16447705768215,20.2173057504872
18.598916666666668,-41.522855963484005,19.752755417889077
18.6156,-41.67094165061348,19.156260438774027
18.632283333333334,-41.683694463247406,18.507109573435706
18.648966666666666,-41.657694308714454,17.95437652946962
18.665650000000007,-41.596542097459064,17.449370457936645
18.682333333333332,-41.305878044500666,16.70122068647519
18.699016666666665,-40.82706543576412,15.746193465333668
18.7157,-40.30396973519937,14.778416676047726
18.73238333333333,-39.61760909323216,13.664122126191927
18.749066666666664,-38.93844905501598,12.61201287345392
18.765750000000004,-38.235224777090814,11.534653617918444
18.782433333333337,-37.25818427214879,10.08423562176064
18.79911666666667,-36.03362926904916,8.281397853526887
18.815800000000003,-35.04873796879244,6.864656605434337
18.832483333333336,-33.932585080926245,5.275741870472096
18.84916666666667,-32.83486827748561,3.695471382251121
18.865850000000002,-31.97950091910692,2.5506066390817637
18.882533333333335,-30.87892500624449,0.9979702637058381
18.899216666666668,-29.447826711317866,-1.0931487149980583
18.9159,-28.060248006321967,-3.1174286736797328
18.932583333333334,-26.78473871787438,-4.949439597732802
18.949266666666666,-25.328923615092368,-7.057538543681323
18.965950000000007,-23.60398961114736,-9.620791042438377
18.982633333333332,-21.656524252999247,-12.49896475252729
18.999316666666665,-19.625252532292414,-15.47722691373565
19.016,-17.42267595187844,-18.658406507739834
19.03268333333333,-15.085713352019907,-22.017479540687418
19.049366666666664,-12.638185600909326,-25.48556879135483
19.066050000000004,-10.843867658948456,-27.46292046133741
19.082733333333337,-8.420365453788829,-27.482412014255935
19.09941666666667,-6.44973893889668,-25.68469981225968
19.116100000000003,-4.844019069982575,-23.981038984729537
19.132783333333336,-3.186581645753044,-23.030146636795475
19.14946666666667,-1.2904104582711173,-23.100708898699455
19.166150000000002,0.9339885098416466,-24.103499537014777
19.182833333333335,3.1769789907625325,-25.365181339095972
19.199516666666668,5.55304017613555,-25.35310270418072
19.2162,7.8389391716720676,-23.904763152385684
19.232883333333334,9.90521611641381,-23.010890422189497
19.249566666666666,11.628289318380633,-22.38733780338646
19.266250000000007,13.106673949971523,-21.67600827070509
19.282933333333332,14.715367344367753,-21.532302202223818
19.299616666666665,16.35966807900764,-21.855394565598658
19.3163,18.211206252018485,-22.739983783401776
19.33298333333333,19.98180720078821,-23.12728829776092
19.349666666666664,21.93370056306299,-22.70281638475426
19.366350000000004,23.65556671687396,-21.947392658592314
19.383033333333337,25.181989748138,-21.38110122002244
19.39971666666667,26.38048793352751,-20.531820410488418
19.416400000000003,27.35511472960213,-19.391833348983084
19.433083333333336,28.362094250891396,-18.56450874714642
19.44976666666667,29.561365238701498,-18.393644426637366
19.466450000000002,30.60519686522887,-18.064834623827025
19.483133333333335,31.507651758173512,-17.545271106345137
19.499816666666668,32.40567774830104,-17.109667501052336
19.5165,33.341910334315344,-16.903029218731916
19.533183333333334,34.174666875452196,-16.552298570267048
19.549866666666667,34.924661412776175,-16.191036927619663
19.566550000000007,35.39752634113293,-15.460020076741472
19.583233333333332,35.78277209081647,-14.607143709718912
19.599916666666665,36.15745826639809,-13.810472439124268
19.6166,36.641002218088495,-13.321928623471017
19.63328333333333,37.04217469571075,-12.792332524106214
19.649966666666664,37.22144819195205,-11.909454443449313
19.666650000000004,37.20044515725032,-10.683404243306782
19.683333333333337,37.061315489036936,-9.370789788467889
19.70001666666667,36.93835018590233,-8.181840564487857
19.716700000000003,36.57345005595289,-6.645579153026937
19.733383333333336,35.9106440686464,-4.594302587503435
19.75006666666667,35.2620779458631,-2.6097015776331602
19.766750000000002,34.604184898252235,-0.7518649449884762
19.783433333333335,33.83340494845723,1.246807564874338
19.800116666666668,33.17038001017842,3.070029635844449
19.8168,32.41351742923864,5.0083378888740455
19.833483333333334,31.668852902288332,6.785323398736399
19.850166666666667,30.820904664080405,8.699964082681372
19.866850000000007,29.97881427636919,10.587732045918273
19.883533333333332,28.739042926298477,13.102547454943334
19.900216666666665,27.164457054085698,16.098827496913685
19.9169,25.325120287242672,19.416030050638554
19.93358333333333,23.012891433541316,23.427690312466112
19.950266666666664,20.659716207963285,26.92590181712208
19.966950000000004,18.556602681158736,26.364818995112017
19.983633333333337,16.45866597546151,25.757064474156152
20.00031666666667,14.619786962988771,25.988772876839043
20.017000000000003,12.803708602258535,25.392357622572717
20.033683333333336,11.170344694605795,24.645208649571856
20.05036666666667,9.478226558849236,24.71282108884097
20.067050000000002,7.679007176449271,25.5083637786233
20.083733333333335,5.619979815730845,25.58479139960115
20.100416666666668,3.507699757665249,25.316845729562715
20.1171,1.270177267528878,24.995341635200937
20.133783333333334,-0.28151182798962493,24.723545661499813
20.150466666666667,-1.2587367905857436,24.004486418212466
20.167150000000007,-1.7498779964732971,22.62029166168699
20.183833333333332,-1.9315915174387377,20.975673079563414
20.200516666666665,-2.1015255126938475,19.645275438176455
20.2172,-2.270450745529831,18.480770932912932
20.23388333333333,-2.3545494857244127,17.279751234479782
20.250566666666664,-2.3718014332799906,16.073442594168775
20.267250000000004,-2.386370523901542,15.005853871299223
20.283933333333337,-2.392283412043704,14.013160579846769
20.30061666666667,-2.387616284034858,13.095062526047428
20.317300000000003,-2.386977002451978,12.342688566317221
20.333983333333336,-2.3891988572640006,11.704168950452974
20.35066666666667,-2.4071134021569858,11.109739615699013
20.367350000000002,-2.3890430808245062,10.548375668944892
20.384033333333335,-2.3770595932229126,10.16159598873903
20.400716666666668,-2.3956271177060597,9.98525994443348
20.4174,-2.3934263080162785,9.78467919084067
20.434083333333334,-2.38990047732257,9.57976928945557
20.450766666666667,-2.3797358041015517,9.468094447422061
20.467450000000007,-2.392231971624108,9.467610147947816
20.484133333333332,-2.390974752180805,9.426945591468758
20.500816666666665,-2.383891639368163,9.306092276076438
20.5175,-2.3850678022810317,9.221634360216004
20.53418333333333,-2.388571459502514,9.205883172215213
20.550866666666664,-2.4081908384192348,9.219317970192694
20.567550000000004,-2.394001276603976,9.153017109535451
20.584233333333337,-2.384048671577969,9.104068994493659
20.60091666666667,-2.3614416850954796,9.09993617421005
20.617600000000003,-2.3762787585490464,9.158941144383878
20.634283333333336,-2.387929990311702,9.199070493967344
20.65096666666667,-2.368191608217459,9.215593709955883
20.667650000000002,-2.3684397325982793,9.271292815834986
20.684333333333335,-2.3707322434274216,9.379279497402457
20.701016666666668,-2.374001106279597,9.485425547018266
20.7177,-2.3699487500856673,9.604584298829955
20.734383333333334,-2.3508838485518524,9.73202483384739
20.751066666666667,-2.3544516319283786,9.90319414963021
20.767750000000007,-2.362365079427367,10.110352358834042
20.784433333333332,-2.3871651870527684,10.394993588621773
20.801116666666665,-2.376997190888117,10.666352490301534
20.8178,-2.381192120712879,10.954117198341699
20.83448333333333,-2.380181083217947,11.234300539001374
20.851166666666664,-2.3744894893386217,11.559015453539459
20.867850000000004,-2.369048884508141,11.870145672465583
20.884533333333337,-2.389518285398778,12.232985128339536
20.90121666666667,-2.3936729860669086,12.549972928109717
20.917900000000003,-2.396588656296978,12.898560070351586
20.934583333333336,-2.39951315143832,13.288955575591999
20.95126666666667,-2.415728431867084,13.691948918144277
20.967950000000002,-2.4116327253809637,14.054158839595011
20.984633333333335,-2.409904718448019,14.443858208086176
21.001316666666668,-2.4092752510217723,14.852133670692616
21.018,-2.420739670515369,15.295267074291111
21.034683333333334,-2.4238784707401932,15.729750790510913
21.051366666666667,-2.416204375542971,16.15890860278236
21.068050000000007,-2.4132475206135315,16.62056911077773
21.084733333333332,-2.423853007588181,17.12524073557139
21.101416666666665,-2.4163349042411437,17.596326994915152
21.1181,-2.4286940025854857,18.097126565418222
21.13478333333333,-2.4163498198097497,18.631440909759
21.151466666666664,-2.4127169378893236,19.200299799091468
21.168150000000004,-2.4135044350141532,19.722372728478234
21.184833333333337,-2.40393262912105,20.271124531269166
21.20151666666667,-2.400925248156922,20.854386433154843
21.218200000000003,-2.4071525347892346,21.466618479803977
21.234883333333336,-2.425486488247571,22.08193867472758
21.25156666666667,-2.4317869270213577,22.692248323413402
21.268250000000002,-2.4319109851864793,23.336389682773806
21.284933333333335,-2.4348649149464916,23.967237174078015
21.301616666666668,-2.4335577979138097,24.616255138992784
21.3183,-2.425103980631883,25.25286158343352
21.334983333333334,-2.405572892603149,25.51485055133533
21.351666666666667,-2.375489883428164,25.525073324271062
21.368350000000007,-2.3695759389064905,25.437554193499828
21.385033333333332,-2.4063728186563926,25.296706769130907
21.401716666666665,-2.4360456421706274,25.212817796243357
21.4184,-2.4254339794797413,25.079191649108644
21.43508333333333,-2.415566332219998,24.943944181190766
21.451766666666664,-2.4238296546578386,24.92969670950145
21.468450000000004,-2.424396808108386,24.970324424654926
21.485133333333337,-2.4260860649448848,24.97812269854321
21.50181666666667,-2.421183056126958,24.9679624863198
21.518500000000003,-2.394570768958449,24.95418633122536
21.535183333333336,-2.402285696851977,25.061274546513616
21.55186666666667,-2.4148071928242483,25.17487350600633
21.568550000000002,-2.418960531325156,25.245841785160223
21.585233333333335,-2.4189652741061347,25.285651858875845
21.601916666666668,-2.4109155503443103,25.31259449570517
21.6186,-2.436186033893536,25.38730488300226
21.635283333333334,-2.4145689652735127,25.335657037753712
21.651966666666667,-2.4283304719326213,25.29137389057226
21.668650000000007,-2.442670406952713,25.29717744863808
21.685333333333332,-2.4328623238392404,25.262297065019084
21.702016666666665,-2.4434785624193838,25.247745086330845
21.7187,-2.4389872158295947,25.28088108933334
21.73538333333333,-2.434743128872074,25.3048521042016
21.752066666666664,-2.417139487584676,25.316392086433794
21.768750000000004,-2.4326745330016504,25.331655518985073
21.785433333333337,-2.447055534754766,25.339948674292316
21.80211666666667,-2.4268813098070625,25.302693317750773
21.818800000000003,-2.422852685431988,25.293775774185164
21.835483333333336,-2.434453365955029,25.30971500431839
21.85216666666667,-2.437112451596613,25.31470226455449
21.868850000000002,-2.4348612677984085,25.322608546536294
21.885533333333335,-2.4266135469522347,25.322417771145673
21.902216666666668,-2.423027878392515,25.32194071392916
21.9189,-2.433257848038362,25.328069976740053
21.935583333333334,-2.4293816335553324,25.30504552162023
21.952266666666667,-2.4121839411812265,25.29644805565757
21.968950000000007,-2.4146464560266163,25.30871345234833
21.985633333333332,-2.4307468762535964,25.339045846484474
22.002316666666665,-2.421732900616386,25.32732102463659
22.019,-2.4140528180855503,25.320526243772335
22.03568333333333,-2.4252924039048915,25.33666965330071
22.052366666666664,-2.42543424372947,25.342972269555936
22.069050000000004,-2.4254320818923225,25.338193007619616
22.085733333333337,-2.425032085618288,25.34562611533144
22.10241666666667,-2.4192908935692943,25.361457969772047
22.119100000000003,-2.4473569718088584,25.380823101649696
22.135783333333336,-2.4465940218261317,25.36394348759476
22.15246666666667,-2.4493112381456856,25.366118838212714
22.169150000000002,-2.4420016358047696,25.37948374393637
22.185833333333335,-2.4454274128884537,25.378764697909276
22.202516666666668,-2.434726441507999,25.36846477457715
22.2192,-2.441242967291632,25.36393121439456
22.235883333333334,-2.4463340382240384,25.367526312475896
